{"cameraMode":{"drawMode":0,"name":"Shaded","section":"Shading Mode"},"sceneLighting":true,"audioPlay":false,"sceneViewState":{"showFog":true,"showMaterialUpdate":true,"showSkybox":true,"showFlares":true,"showImageEffects":true,"showParticleSystems":true},"in2DMode":false,"pivot":{"x":-0.13640865683555604,"y":-0.18257799744606019,"z":0.24098369479179383},"rotation":{"x":-0.18954114615917207,"y":-0.7993213534355164,"z":0.3218667507171631,"w":-0.47071048617362978},"size":0.3440724015235901,"orthographic":false}